{
    "parent": "item/generated",
    "textures": {
        "layer0": "item/cod"
    },
    "display": {
        "head": {
            "rotation": [ 0, 90, -60 ],
            "translation": [ -7, -4, -7],
            "scale":[ 0.8, 0.8, 0.8]
        }
    },
    "overrides": [{
        "predicate": {
          "custom_model_data": 1001
        },
        "model": "item/food/shrimp"
      },
      {
        "predicate": {
          "custom_model_data": 1002
        },
        "model": "item/food/cooked_shrimp"
      }, {
        "predicate": {
          "custom_model_data": 1003
        },
        "model": "item/food/trout"
      }, {
        "predicate": {
          "custom_model_data": 1004
        },
        "model": "item/food/cooked_trout"
      }
    ]
  }
}
